ABANICO,1,0,1
ABATIDO,0,1,0
ABDALAH,0,0,2
ABDICAR,0,1,0
ABDOMEN,0,1,0
ABIERTA,2,0,5
ABIERTO,0,2,5
ABOGADO,2,0,0
ABONARE,0,0,1
ABRAZAR,0,1,0
ABRAZOS,1,0,1
ABREVIA,0,0,1
ABRIERA,0,1,0
ABRIRAS,0,0,1
ABRIRLA,0,1,1
ABRIRLO,0,0,1
ABRIRSE,0,2,1
ABSORBI,0,0,1
ABSORTO,1,0,0
ABSURDO,1,2,0
ABUELOS,1,0,0
ABUNDAN,0,0,1
ABUSADO,0,1,0
ACABABA,4,6,4
ACABADO,1,1,2
ACABAIS,0,0,1
ACABARA,1,4,2
ACABARE,0,1,0
ACABASE,1,0,1
ACARREO,0,0,1
ACCEDER,0,2,0
ACCESOS,0,0,2
ACEPTAN,0,0,1
ACEPTAR,1,0,2
ACEQUIA,6,0,0
ACERQUE,0,0,1
ACIERTA,0,1,0
ACIERTO,0,1,0
ACOGIAN,0,1,0
ACOGIDA,0,0,7
ACOLITO,1,0,0
ACOMETE,0,1,0
ACOSADO,1,0,0
ACTITUD,1,17,0
ACTORES,0,1,0
ACUDIAN,3,2,0
ACUDIRE,0,0,1
ACUERDA,1,2,0
ACUERDE,0,1,1
ACUERDO,0,2,1
ACUESTA,0,0,1
ADENTRO,4,0,1
ADIVINA,1,0,2
ADIVINO,1,2,0
ADMIRAR,0,0,1
ADMITEN,1,0,0
ADOPTAR,0,4,0
ADORABA,2,1,0
ADORADA,0,4,0
ADORADO,0,1,1
ADORNAR,0,0,1
ADORNOS,1,2,0
ADUANAS,1,1,0
ADUARES,0,0,1
ADVERTI,0,0,5
AFECTOS,0,1,0
AFICION,1,5,1
AFILADO,0,0,1
AFINADO,0,0,2
AFIRMAR,1,1,0
AFIRMAS,0,0,2
AFLIGIA,0,0,1
AFLIGIO,0,0,2
AFLUIAN,1,0,1
AFSANAH,0,0,1
AFUERAS,8,0,0
AGALLAS,2,0,0
AGENTES,0,7,0
AGITABA,1,2,0
AGITADA,1,0,0
AGITADO,0,2,0
AGONICE,0,1,0
AGOTADO,0,0,2
AGRADAR,0,1,0
AGRESOR,1,0,0
AGUANTE,2,0,0
AGUARDA,0,1,0
AGUARDE,0,0,1
AGUARDO,0,1,2
AGUIJON,0,1,0
AHOGADA,1,0,0
AHOGADO,1,0,1
AHORCAR,0,1,1
AHORQUE,0,2,0
AHORROS,2,0,0
AHUMADA,1,0,0
AISLADO,0,1,0
AJEDREZ,0,0,1
AJORCAS,0,0,1
AJUSTAR,1,1,0
AKNAMUS,0,0,2
ALABADA,0,1,0
ALABADO,0,1,0
ALADINO,0,0,1
ALAMEDA,0,1,0
ALARCON,0,0,1
ALARGUE,0,0,1
ALARIDO,1,0,0
ALBERGA,0,1,1
ALCALDE,7,1,0
ALCANCE,1,1,2
ALCANZA,0,2,0
ALCANZO,0,0,1
ALCAZAR,1,2,0
ALCOHOL,0,1,0
ALEGABA,0,1,0
ALEGRES,5,3,1
ALEGRIA,1,15,22
ALEJABA,1,0,1
ALEJADO,0,1,2
ALEJALE,0,0,1
ALEJARA,0,1,0
ALFANJE,0,0,11
ALFONSO,0,1,0
ALFREDO,0,0,1
ALGODON,1,0,0
ALGUIEN,9,5,9
ALGUNAS,7,23,8
ALGUNOS,19,34,11
ALIADOS,0,0,1
ALIANZA,0,2,0
ALIENTO,1,0,1
ALIMAÑA,1,0,0
ALISATE,0,0,1
ALMACEN,0,1,0
ALMANSA,0,2,0
ALQUILO,0,0,1
ALTARES,1,0,0
ALTERAN,0,1,0
ALTIVEZ,1,1,0
ALTURAS,2,2,0
ALVAREZ,0,14,0
ALZANDO,0,0,1
AMABLES,0,2,1
AMANTES,0,4,1
AMARGAS,0,0,1
AMARGOS,0,0,1
AMASADO,1,0,0
AMENAZA,3,2,1
AMERICA,1,2,3
AMIGOTE,1,0,0
AMISTAD,0,2,3
AMORIOS,1,0,0
AMOROSA,0,7,0
AMOROSO,0,2,1
AMPLIAS,0,1,1
AMPLIOS,1,0,0
ANCHURA,0,1,1
ANCIANA,0,0,3
ANCIANO,1,1,16
ANDABAN,1,1,0
ANDAMIO,2,0,0
ANDANDO,0,0,7
ANDANTE,1,0,0
ANDARIA,0,1,0
ANDRAJO,0,1,0
ANGELES,1,0,0
ANGOSTA,1,2,0
ANGOSTO,1,0,0
ANGULOS,1,0,0
ANHELAR,0,0,1
ANHELOS,0,0,1
ANILLOS,0,0,1
ANIMABA,1,2,0
ANIMADA,0,1,0
ANIMADO,3,0,0
ANIMOSO,0,0,2
ANONADO,1,0,0
ANONIMO,1,0,1
ANORMAL,0,2,0
ANOTABA,0,1,0
ANOTADO,0,1,0
ANSIABA,3,3,0
ANSIADA,0,2,0
ANSIADO,0,1,0
ANSIOSA,2,0,0
ANSIOSO,0,1,0
ANTIGUA,2,8,8
ANTIGUO,3,17,4
ANTONIO,24,68,0
ANUNCIA,0,1,0
ANUNCIE,0,1,1
ANUNCIO,0,3,2
ANZUELO,4,1,0
APAGADA,0,1,0
APAGADO,0,1,0
APALEAR,1,0,0
APARECE,0,1,2
APAREJO,5,0,0
APARTAR,1,0,1
APEARSE,0,1,0
APENADO,0,0,1
APLACAR,0,1,0
APLAUDE,0,0,1
APODADO,1,0,0
APODERA,0,0,1
APODERE,0,0,1
APODERO,0,3,3
APOSTOL,0,2,0
APOYABA,0,1,0
APOYADA,0,1,0
APOYADO,2,0,1
APOYASE,0,0,1
APRECIA,0,1,1
APRENDA,0,0,1
APRENDI,0,0,2
APUESTA,0,0,1
APUESTO,0,1,2
APULEYO,0,0,1
APUNTAR,1,0,0
APURADA,0,1,0
APURADO,0,1,0
AQUELLA,72,121,38
AQUELLO,20,13,18
ARAÑAZO,0,1,0
ARBOLES,8,0,3
ARCADAS,0,1,1
ARCHIVO,0,6,0
ARCONES,1,0,0
ARDILLA,0,1,0
ARGOLLA,1,0,2
ARISTAS,1,0,0
ARMADAS,1,1,0
ARMADOS,0,1,0
ARMANDO,1,0,0
ARMARON,0,0,1
ARMARTE,0,0,1
ARMAZON,0,1,0
ARMONIA,1,1,0
ARQUERO,0,0,1
ARRAIGO,0,1,0
ARRANCA,0,1,0
ARRANCO,1,0,1
ARRAYAN,0,0,1
ARREABA,1,0,0
ARREGLA,1,0,0
ARREGLO,2,2,1
ARRIADO,1,0,0
ARRIBAR,0,0,1
ARRIERO,0,1,0
ARROBAS,2,0,0
ARROJAN,0,1,0
ARROJAR,0,3,1
ARROJEN,0,0,1
ARROJES,0,1,0
ARROYOS,0,0,1
ARRUGAS,0,4,1
ARTERIA,0,1,0
ARTISTA,2,4,5
ASALTAR,1,0,0
ASALTOS,1,0,3
ASCENSO,1,2,0
ASEGURA,0,5,1
ASEGURO,0,2,2
ASESINA,0,0,1
ASESINE,0,0,1
ASESINO,0,1,10
ASFIXIA,1,1,1
ASIDERO,1,0,0
ASIDUOS,1,1,0
ASIENTO,8,10,1
ASIGNAR,0,0,1
ASINTIO,0,2,0
ASISTIA,0,1,0
ASISTIO,0,1,0
ASISTIR,1,3,1
ASOCIAR,0,0,1
ASOMABA,2,0,0
ASOMADO,0,1,1
ASOMBRA,0,0,1
ASOMBRO,7,7,23
ASPECTO,2,16,8
ASPERAS,1,0,0
ASPIRAN,0,1,0
ASTUCIA,0,5,1
ASTUTAS,0,1,0
ASTUTOS,1,0,0
ASUNTOS,2,13,8
ASUSTAR,1,1,1
ATACADA,0,1,0
ATALAYA,0,1,0
ATAQUES,0,1,0
ATENDIA,1,0,0
ATENTAR,0,1,0
ATENTOS,1,0,0
ATENUAR,0,0,1
ATESORA,0,1,0
ATIENDE,0,0,2
ATIENDO,0,1,0
ATIZADO,1,0,0
ATRAIAN,1,0,0
ATRAIDO,1,0,0
ATRAPAR,2,2,0
ATREVES,0,0,2
ATREVIA,2,1,0
ATREVIO,1,4,1
ATROCES,1,1,0
ATTACHE,1,0,0
AUDACES,2,2,0
AUDACIA,1,4,0
AUGUSTA,0,1,0
AULLABA,1,0,0
AUMENTA,0,0,1
AUMENTO,3,1,0
AURORAS,0,0,1
AUSENTE,0,0,4
AUSENTO,0,0,4
AUSTERA,1,0,0
AUTORES,0,1,4
AUXILIO,3,6,1
AVANZAR,0,3,0
AVANZAS,0,1,0
AVISABA,1,0,0
AVISADO,1,2,2
AVISARA,0,1,0
AVISARE,0,1,1
AVISTAR,0,0,1
AYUDABA,4,0,0
AYUDADO,0,1,0
AYUDASE,0,0,1
AZAFRAN,0,0,1
AZOTADA,0,0,1
AZOTADO,1,0,0
AZULADA,1,1,0
AZULADO,0,2,0
AZUZABA,0,1,0
AÑADIDO,0,0,1
BABUCHA,0,0,2
BAIBARS,0,0,1
BAJABAN,1,1,0
BAJAMOS,0,1,0
BAJANDO,0,1,1
BAJARON,0,0,4
BAJASEN,1,0,0
BALLENA,0,0,1
BANANAS,0,0,1
BANASTA,1,0,4
BANDEJA,0,0,8
BANDERA,0,1,0
BANDIDO,0,3,0
BARAMKA,0,0,2
BARANDA,0,1,0
BARBARA,0,1,0
BARBARO,1,1,1
BARBERO,0,1,0
BARKHIA,0,0,1
BARONET,0,2,0
BARRACA,14,0,2
BARRIDO,1,1,2
BARRIGA,0,1,0
BARRIOS,0,2,0
BASELGA,0,207,0
BASSORA,0,0,1
BASTABA,3,0,1
BASTADO,0,1,1
BASTERA,0,1,0
BATALLA,1,3,2
BATIRME,0,1,0
BATIRSE,0,2,0
BATISTE,2,0,0
BAUTIZA,1,0,0
BAUTIZO,1,0,0
BAÑARSE,0,0,1
BAÑARTE,0,0,1
BEBIDAS,4,0,7
BEBIMOS,0,0,4
BECERRO,0,0,3
BEDUINO,1,0,1
BELLEZA,7,7,9
BENAMOR,0,0,2
BENDIGA,0,0,2
BENDIGO,0,0,1
BENDITA,0,0,1
BENDITO,1,1,2
BERGSON,0,0,1
BERLINA,0,1,0
BESABAN,0,0,1
BESANDO,0,0,2
BESARLE,1,0,0
BESARME,0,0,1
BESARON,1,0,2
BESTIAS,3,1,0
BIBLICA,1,1,0
BICHERO,2,0,0
BIGOTES,0,3,1
BILLETE,3,0,0
BIZARRO,1,0,0
BLANCAS,6,1,1
BLANCOS,4,0,4
BLONDAS,1,0,0
BLOQUEO,0,1,0
BODEGAS,0,1,0
BOFETON,0,1,0
BOHEMIA,1,0,0
BOHEMIO,1,0,0
BOLITAS,0,1,0
BONITAS,0,1,0
BORDADA,0,0,2
BORDADO,0,0,2
BORDETA,1,0,0
BORRADO,1,1,0
BORRICO,0,1,3
BOSQUES,0,1,0
BOSSUET,0,1,0
BOSTEZO,1,1,0
BOTALON,1,0,0
BOTELLA,4,0,0
BOTICAS,1,0,0
BOTONES,2,1,0
BOURGES,0,0,1
BOURGET,0,0,1
BRASERO,1,6,0
BRAVURA,0,1,0
BREBAJE,1,0,0
BRECHAS,0,1,0
BRESLAU,0,0,1
BRILLAN,0,1,0
BRILLAR,0,2,1
BRINCAR,0,0,1
BRIOSOS,1,0,0
BROCADO,0,0,3
BROCHAS,0,1,0
BROTABA,0,0,2
BROTADO,0,0,1
BRUSCOS,0,1,0
BUFALOS,0,0,1
BUFANDO,1,0,0
BURGUES,1,0,0
BURLABA,2,3,0
BURLESE,0,1,0
BURLONA,1,3,0
BUSCABA,6,4,0
BUSCARA,0,0,1
BUSCARE,0,1,0
BUSCASE,1,0,0
BUSQUES,0,0,1
BUTACAS,2,0,0
BÜCHNER,0,0,1
CABALLO,2,2,18
CABAÑAL,3,0,0
CABELLO,0,3,5
CABEZAS,2,2,2
CABRERA,0,1,0
CACERIA,0,0,2
CADALSO,0,2,0
CADAVER,3,4,1
CADENAS,1,2,1
CADERAS,1,0,1
CAERIAN,0,1,0
CAJONES,1,0,0
CALADOS,0,0,1
CALAFIA,0,0,1
CALCULA,1,0,0
CALCULE,0,2,0
CALCUTA,0,0,2
CALDERA,1,0,0
CALDERO,2,0,1
CALETRE,1,0,0
CALIDAD,0,2,5
CALIFAS,0,0,2
CALLABA,1,0,0
CALLADA,0,1,0
CALLADO,1,1,0
CALLATE,0,1,0
CALLEJA,0,1,2
CALLOSA,2,0,0
CALMADO,0,0,1
CALORES,0,1,0
CAMARAS,0,1,0
CAMARIN,0,0,1
CAMBIAN,0,0,1
CAMBIAR,1,2,1
CAMELLO,0,0,1
CAMINAR,0,0,2
CAMINOS,3,0,1
CAMPANA,1,1,0
CAMPAÑA,1,5,0
CAMPEON,0,4,0
CANALLA,0,6,0
CANCION,0,1,2
CANSADA,2,2,1
CANSADO,1,1,3
CANTABA,2,1,1
CANTADA,1,0,0
CANTARO,0,0,1
CAPACES,1,2,2
CAPAZOS,1,0,0
CAPITAL,0,9,6
CAPITAN,12,22,15
CAPOTES,0,1,0
CARECEN,0,2,0
CARECER,0,1,1
CARECIA,1,0,1
CAREZCO,0,1,0
CARGABA,0,0,1
CARGADA,1,2,1
CARGADO,2,0,2
CARGUES,0,0,1
CARICIA,3,2,0
CARIDAD,2,1,0
CARITAS,1,0,0
CARMESI,0,0,1
CARNERO,0,0,7
CARNOSO,1,0,0
CARPETA,0,1,0
CARRERA,3,2,0
CARRETA,1,0,0
CARROZA,0,1,0
CARTERA,0,1,0
CARTETA,1,0,0
CARTONE,0,0,1
CASACAS,0,2,0
CASADOS,2,0,0
CASAMOS,0,0,1
CASARME,0,1,0
CASARON,1,1,1
CASARSE,4,2,2
CASARTE,0,0,1
CASCADO,0,1,0
CASERON,1,10,0
CASITAS,2,0,0
CASTIGO,0,3,7
CASTRAR,0,0,1
CASUCHA,2,0,0
CATORCE,6,0,0
CAUCASO,0,0,2
CAUSABA,0,13,0
CAUSADO,0,3,1
CAUSAIS,0,1,0
CAUSARA,0,1,0
CAUTELA,0,3,0
CAUTIVA,0,0,1
CAVARON,0,0,1
CAVERNA,0,1,1
CAYENDO,3,0,1
CAYERAN,0,2,0
CAYERAS,0,1,0
CAYERON,1,1,3
CAYESEN,2,0,1
CAYESES,0,0,1
CAZANDO,1,0,0
CAZUELA,2,0,0
CAÑARES,2,0,0
CAÑONES,3,10,0
CEBOLLA,2,0,0
CEGARON,1,0,1
CEGUERA,2,0,1
CELEBRA,0,0,1
CELEBRE,1,8,1
CELEBRO,0,1,0
CELESTE,0,1,0
CELOSIA,1,0,0
CENAMOS,0,0,1
CENIZAS,0,1,3
CENTIMO,1,0,0
CERCADO,1,0,0
CERCANA,0,3,0
CERCANO,1,2,1
CEREBRO,4,14,1
CERRABA,2,0,0
CERRADA,2,5,3
CERRADO,3,3,1
CERRAJA,1,2,0
CERROJO,1,0,0
CERTERO,1,1,0
CERTEZA,0,7,1
CESAMOS,0,0,1
CESARON,0,0,3
CEÑIRSE,0,0,1
CEÑUDOS,0,1,0
CHANTRE,1,0,0
CHANZAS,0,0,1
CHARLAR,0,1,0
CHEITAN,0,0,2
CHILLAR,0,0,1
CHISMES,0,1,0
CHISPAS,12,0,2
CHOQUES,1,0,0
CHORROS,0,1,0
CHUPABA,1,0,0
CHUSCOS,0,1,0
CICERON,0,0,1
CIENCIA,0,1,13
CIENTOS,0,1,0
CIERTAS,3,10,1
CIERTOS,2,10,0
CIFRABA,0,1,0
CIGARRO,3,0,0
CINCELO,0,0,1
CINTURA,3,2,0
CIRCULA,0,0,1
CIRCULO,3,0,3
CITANDO,0,1,0
CITARLO,0,1,0
CIVICAS,0,1,0
CLASICA,0,1,1
CLAUDIO,0,91,0
CLERIGO,0,3,0
COBARDE,2,3,1
COBRARE,0,0,1
COBRIZA,1,0,0
COBRIZO,1,0,0
COCHERA,3,0,0
COCHERO,7,1,0
COCIDOS,1,0,0
COCINAS,0,1,0
CODICIA,1,0,0
COGERAN,1,0,0
COGERAS,0,0,1
COGERLA,0,0,1
COGERLO,0,0,1
COGIDOS,2,0,0
COGOLLO,1,0,0
COLCHON,0,0,2
COLEGAS,0,1,0
COLEGIO,0,27,0
COLETEO,1,0,0
COLGABA,0,1,1
COLGADO,0,0,2
COLINAS,0,0,2
COLIRIO,0,0,1
COLMABA,0,0,1
COLMADO,0,1,4
COLMARE,0,0,1
COLOFON,0,1,0
COLOQUE,0,0,1
COLOREO,0,1,0
COLORES,8,1,11
COLOSAL,1,3,0
COLUMNA,0,3,2
COMARCA,0,0,2
COMBATE,0,5,0
COMEDIA,1,4,0
COMEDOR,0,1,0
COMEMOS,1,0,0
COMENCE,2,0,4
COMENZO,7,11,8
COMERIA,1,0,0
COMEROS,0,0,1
COMERSE,1,0,0
COMETAS,0,1,0
COMETER,0,2,2
COMETIA,0,1,0
COMETIO,0,0,1
COMICOS,0,1,0
COMIDAS,0,1,0
COMIERA,1,0,0
COMIMOS,0,0,4
COMPARE,0,0,1
COMPRAR,0,1,10
COMPRAS,3,0,1
COMUNES,0,1,0
CONCEDA,0,3,0
CONCEDE,0,2,0
CONCEDI,0,1,0
CONCEDO,0,0,2
CONCHAS,1,0,0
CONCISO,0,1,0
CONDESA,2,28,0
CONDUCE,0,0,3
CONDUJO,0,0,3
CONFESO,0,1,0
CONFIAN,0,1,0
CONFIAR,0,1,0
CONFIES,0,0,1
CONFUSA,1,3,0
CONFUSO,0,3,1
CONJURO,0,0,12
CONMIGO,0,3,27
CONOCEN,3,2,0
CONOCER,1,12,2
CONOCES,0,2,1
CONOCIA,4,8,4
CONOCIO,2,2,0
CONOZCA,0,1,1
CONOZCO,3,12,1
CONSEJO,3,5,4
CONSIGO,0,0,2
CONSOLA,0,2,0
CONSUME,0,1,0
CONTABA,2,0,0
CONTADO,0,0,3
CONTARA,0,0,1
CONTARE,0,0,8
CONTIGO,1,1,13
CONTUVO,1,0,0
CONVITE,1,0,0
COPIADO,0,0,1
CORAZAS,0,1,1
CORAZON,8,16,52
CORDAJE,2,0,0
CORDIAL,0,0,2
CORDOBA,0,2,0
CORDOVA,0,10,0
CORDURA,0,1,0
CORNEJA,0,0,1
CORNETA,1,0,0
CORNUDO,0,0,1
CORREAS,0,0,1
CORREOS,0,1,1
CORRIAN,4,0,4
CORRIDO,2,0,0
CORTADA,0,1,1
CORTADO,0,1,3
CORTALE,0,0,1
CORTARA,0,0,1
CORTEJO,1,0,0
CORTEZA,1,0,0
CORTIJO,0,1,0
CORTINA,0,6,0
COSERTE,0,0,1
COSIDAS,0,0,1
COSTABA,1,0,0
COSTADO,0,2,2
COSTARA,1,0,1
COVOYES,0,1,0
CREABAN,0,1,0
CREADOR,0,1,4
CREANDO,0,1,0
CREARON,0,0,1
CREARSE,0,1,0
CRECIAN,0,1,0
CRECIDO,0,1,0
CREDITO,0,0,1
CREDULO,0,1,0
CREEDME,0,1,0
CREERAN,1,0,0
CREERIA,0,1,1
CREERLA,1,1,0
CREERLO,2,1,1
CREERME,0,1,0
CREERSE,0,2,0
CREIAME,0,0,1
CREIASE,0,1,0
CREIMOS,0,0,1
CREYERA,0,1,0
CRIADAS,1,0,0
CRIADOS,1,6,0
CRIANZA,0,0,1
CRIARSE,0,0,1
CRIBADA,0,0,2
CRIOLLA,0,1,0
CRIOLLO,0,1,0
CRISTAL,2,1,2
CRITICA,0,0,5
CRITICO,0,0,1
CRONICA,0,1,0
CRUCERO,2,0,0
CRUELES,4,4,4
CRUJIAN,1,0,0
CRUJIDO,1,0,0
CRUZABA,1,0,0
CRUZADO,1,2,0
CUADRAS,1,0,0
CUADROS,0,2,1
CUANTAS,5,4,5
CUANTIA,0,0,1
CUANTOS,11,17,8
CUARTEL,0,2,0
CUARTOS,0,1,1
CUBRIAN,1,1,0
CUELLOS,1,0,1
CUENTAS,3,3,1
CUENTES,0,0,3
CUENTOS,2,1,27
CUERDAS,3,0,1
CUERNOS,0,0,1
CUERPOS,2,5,0
CUERVOS,1,0,0
CUESTAN,1,0,0
CUIDABA,0,3,0
CUIDADO,6,3,6
CULEBRA,0,0,4
CULTIVO,1,0,0
CULTURA,0,1,2
CUMPLAN,0,0,1
CUMPLES,0,0,4
CUMPLIA,1,0,0
CUMPLID,0,2,0
CUMPLIR,2,16,5
CURARAS,0,0,1
CURARLA,0,0,2
CURARSE,0,1,0
CURIOSA,1,0,0
CURIOSO,0,2,1
CURVADA,1,0,0
CUÑADOS,0,0,1
DAMASCO,0,0,5
DANDOLE,1,3,1
DANDOME,1,1,3
DANDOSE,0,2,0
DATILES,0,0,3
DAÑINOS,0,1,0
DEBEMOS,0,3,4
DEBERES,1,8,2
DEBERSE,1,0,0
DEBIERA,0,1,0
DEBILES,2,1,1
DECAIDA,0,1,0
DECAIDO,1,0,0
DECENTE,2,0,0
DECIDIA,1,0,0
DECIDIO,0,6,1
DECIDIR,0,2,0
DECIDME,0,1,0
DECIRLA,1,0,0
DECIRLE,3,5,2
DECIRLO,0,1,0
DECIRME,0,3,1
DECIROS,0,0,1
DECIRSE,1,1,1
DECIRTE,0,0,1
DECLARE,0,1,1
DECLARO,1,1,0
DECRETA,0,0,1
DEDICAR,0,1,0
DEDILLO,0,1,0
DEFECTO,0,7,0
DEFENSA,3,12,1
DEFINIO,0,1,0
DEFORME,0,0,1
DEGOLLO,0,1,0
DEJABAN,2,3,0
DEJAMOS,0,1,2
DEJANDO,2,11,3
DEJARAS,0,0,2
DEJARIA,0,0,1
DEJARLO,0,2,0
DEJARME,0,2,0
DEJARON,1,0,3
DEJARSE,4,2,0
DEJASEN,1,0,0
DEJASTE,0,0,2
DEJEMOS,0,1,1
DELANTE,4,6,17
DELATEN,0,1,0
DELEITA,0,0,1
DELGADA,3,0,0
DELICIA,0,2,3
DELIRAR,0,1,0
DELIRIO,1,4,0
DELITOS,0,2,0
DEMANDA,0,1,2
DEMONIO,5,2,0
DEPENDE,0,1,2
DERECHA,0,1,5
DERECHO,5,8,5
DERRAMA,0,2,0
DERRAME,0,0,1
DERRAMO,0,0,2
DERRIBE,0,0,1
DERRIBO,1,0,2
DERROTA,0,1,2
DESCOCO,0,1,0
DESEABA,4,7,5
DESEADA,0,1,0
DESEADO,0,1,0
DESEOSA,0,1,0
DESEOSO,0,2,0
DESFILE,0,2,1
DESHACE,1,0,0
DESIGNA,0,1,2
DESISTA,0,1,0
DESLIZO,1,0,0
DESMAYE,0,0,2
DESMAYO,2,0,5
DESNUDA,0,0,11
DESNUDE,0,0,1
DESNUDO,1,2,8
DESPEDI,1,0,0
DESPEGO,0,2,0
DESPOJA,0,1,0
DESPOJO,1,0,2
DESPUES,38,86,218
DESTINA,0,1,0
DESTINO,1,2,24
DESVIAR,0,0,2
DETALLE,0,3,0
DETENER,1,1,0
DETENIA,0,1,0
DETESTO,0,0,3
DETIENE,1,0,1
DEVOLVI,0,0,1
DEVORAR,1,1,1
DEVOTAS,0,3,0
DEVOTOS,0,6,0
DIABLOS,1,3,0
DIARIAS,0,1,0
DICHOSA,0,0,2
DICHOSO,0,1,1
DICKENS,0,0,1
DIENTES,2,2,5
DIESTRA,0,4,0
DIFICIL,1,5,2
DIFUNTA,1,1,2
DIFUNTO,0,1,0
DIGAMOS,0,1,0
DIJERAN,1,0,0
DIJERON,1,0,35
DIJESEN,1,0,0
DIJIMOS,0,0,4
DILUVIO,0,3,0
DIMITIR,1,0,0
DINARES,0,0,23
DIRECTA,0,1,4
DIREMOS,0,1,0
DIRIGEN,0,1,0
DIRIGES,0,0,1
DIRIGIA,2,6,2
DIRIGIO,1,4,13
DIRIGIR,0,5,2
DISIPAR,0,1,0
DISPARA,0,0,1
DISPARE,0,0,1
DISPARO,2,1,0
DISPONE,0,0,2
DISPUSE,0,0,3
DISPUSO,0,0,14
DISPUTA,1,0,0
DISTRAE,0,1,0
DIVERSO,0,1,0
DIVIDIR,0,0,1
DIVINAS,0,1,0
DIVISAS,0,0,1
DJANHAR,0,0,1
DJILIAD,0,0,1
DOBLABA,0,2,0
DOCENAS,0,1,0
DOLORES,2,2,3
DOMADOR,1,0,0
DOMINAR,1,3,1
DOMINEN,0,1,0
DOMINGO,3,0,0
DOMINIO,0,1,2
DORADAS,1,1,0
DORADOS,0,2,0
DORMIAN,3,1,0
DORMIDA,0,0,2
DORMIDO,3,1,4
DORMIRA,0,1,0
DORMIRE,1,0,0
DUDANDO,0,2,0
DUENDES,1,0,0
DULZURA,1,2,5
DUQUESA,0,36,0
DURABAN,1,0,0
DURANTE,5,17,46
DURARAN,0,0,2
ECHABAN,1,1,0
ECHAMOS,0,0,2
ECHANDO,4,1,2
ECHARLA,2,0,0
ECHARLE,0,1,1
ECHARON,0,0,8
ECHARRI,0,5,0
ECHARSE,1,0,2
ECHARTE,0,0,2
EDICION,0,1,9
EDUCADA,1,0,0
EDUQUEN,0,1,0
EFECTOS,1,1,7
EFUSION,1,0,1
EGOISMO,2,1,0
EGOISTA,2,0,0
EJECUTO,0,0,1
EJEMPLO,1,1,6
EJERCER,0,3,1
EJERCIA,1,0,0
ELEGIDO,0,0,1
ELEVADA,0,0,2
ELEVADO,0,0,2
ELEVOSE,0,1,0
ELOGIOS,0,2,1
EMBARGO,6,10,9
EMBATES,0,0,1
EMOCION,4,3,7
EMPAQUE,0,2,0
EMPEZAD,0,0,1
EMPIECE,0,1,0
EMPIEZA,0,1,5
EMPLEAR,0,1,0
EMPLEOS,0,0,2
EMPRESA,0,6,3
EMPUJON,1,1,0
EMPUÑAR,0,1,0
ENAGUAS,1,0,0
ENAMORA,0,1,0
ENAMORO,0,1,1
ENCANTE,0,0,1
ENCANTO,2,1,3
ENCARGA,0,1,1
ENCARGO,1,5,1
ENCERRO,1,1,2
ENCOGIA,1,0,0
ENCUBRO,0,1,0
ENEMIGA,0,1,0
ENEMIGO,8,9,10
ENERGIA,1,5,0
ENFASIS,1,1,0
ENFERMA,9,1,5
ENFERMO,5,1,3
ENGAÑAR,0,1,0
ENGAÑAS,1,0,0
ENGAÑOS,0,2,0
ENOJADA,0,1,0
ENOJOSA,0,1,0
ENOJOSO,0,1,0
ENORMES,6,4,4
ENREDOS,0,1,0
ENRIQUE,0,2,0
ENSALMO,0,1,0
ENSARTO,1,0,0
ENSEÑAN,0,1,0
ENSEÑAR,2,0,0
ENSUCIO,1,0,0
ENSUEÑO,1,1,0
ENTENDI,0,0,1
ENTERAN,0,0,1
ENTERAS,3,1,0
ENTEROS,3,0,0
ENTERRE,0,0,2
ENTRABA,4,3,0
ENTRADA,1,8,3
ENTRADO,4,4,7
ENTREGA,0,1,0
ENTREGO,1,3,9
ENUMERO,0,0,1
ENVIABA,3,4,0
ENVIADO,0,4,3
ENVIARA,0,0,1
ENVIDIA,2,0,3
ENVIEIS,0,1,0
ENVOLVI,0,0,1
EPILOGO,0,0,1
EPOPEYA,0,1,0
EQUIPOS,0,0,1
ERCILLA,0,1,0
ERGUIDA,2,1,0
ERIZABA,1,0,0
ERIZADA,0,1,0
ERNESTO,0,0,1
EROTICA,0,0,1
EROTICO,0,0,2
ERRANTE,1,0,0
ERRORES,0,2,0
ERUCTOS,1,0,0
ESBELTA,5,0,1
ESBELTO,1,0,3
ESCALON,1,0,0
ESCAMAS,2,0,0
ESCAPAN,0,1,0
ESCAPAR,1,3,1
ESCASAS,0,2,0
ESCASEZ,0,1,0
ESCASOS,0,0,1
ESCENAS,1,2,6
ESCLAVA,0,3,15
ESCLAVO,1,7,10
ESCOBAS,3,0,0
ESCOGEN,0,1,0
ESCOGER,2,0,2
ESCOGIO,1,1,0
ESCOJAS,0,0,1
ESCONDI,0,0,2
ESCRIBA,0,1,1
ESCRIBE,0,1,1
ESCRIBI,0,0,2
ESCRITA,0,1,4
ESCRITO,0,12,16
ESCUCHA,0,0,1
ESCUCHO,2,2,3
ESCUDOS,0,1,0
ESCUELA,0,4,1
ESCUETA,1,0,0
ESCUPEN,1,0,0
ESCUPIA,1,0,0
ESCUPIO,0,0,1
ESENCIA,0,0,1
ESFERAS,0,1,0
ESPACIO,6,4,3
ESPADAS,0,4,0
ESPALDA,5,3,4
ESPANTO,1,4,3
ESPARTO,5,1,0
ESPAÑOL,1,9,2
ESPECIE,0,4,7
ESPEJOS,1,0,0
ESPERAN,0,2,1
ESPERAR,1,5,2
ESPERAS,0,1,0
ESPESAS,0,1,1
ESPESOS,1,0,0
ESPIADO,1,1,0
ESPOSAS,0,1,4
ESPOSOS,2,0,1
ESPUMAS,2,0,0
ESQUIFE,1,0,0
ESQUILO,0,0,1
ESQUINA,2,1,0
ESQUIVA,1,1,0
ESTABAN,16,15,17
ESTABLO,1,0,3
ESTACAS,1,0,1
ESTADOS,0,1,3
ESTALLE,0,1,0
ESTALLO,1,1,0
ESTAMOS,3,4,6
ESTANDO,4,2,2
ESTARAN,0,1,1
ESTARIA,2,3,0
ESTARLE,0,1,0
ESTATUA,0,1,2
ESTEBAN,1,40,0
ESTIRON,1,0,0
ESTIVAL,1,0,0
ESTRADO,0,0,1
ESTRIBO,3,0,0
ESTROFA,0,0,2
ESTUDIA,0,1,0
ESTUDIO,0,1,2
ETERNAS,0,1,1
EUNUCOS,0,1,1
EUROPEA,0,0,3
EUROPEO,0,0,1
EVACUAR,0,0,1
EVITABA,0,1,0
EVITARA,0,1,0
EVITARE,0,0,1
EVOCABA,0,1,0
EXCEPTO,0,0,1
EXCESOS,0,2,0
EXCITAR,0,1,0
EXCLAME,0,0,4
EXCLAMO,0,5,38
EXCUSAS,1,2,0
EXIGIRA,0,0,1
EXIGUAS,0,1,0
EXISTEN,0,2,2
EXISTIA,0,3,1
EXISTIR,0,1,0
EXOTICA,0,0,1
EXOTICO,0,0,2
EXPANDE,0,0,1
EXPERTA,0,1,0
EXPERTO,0,1,0
EXPIRAR,0,1,0
EXPLICA,0,0,3
EXPLICO,0,0,4
EXPONEN,1,0,0
EXPONER,0,3,1
EXPONIA,0,1,0
EXPRESO,0,1,0
EXPULSO,0,1,0
EXTASIS,1,2,1
EXTENDI,0,0,1
EXTENSA,0,1,0
EXTRAIA,0,1,0
EXTRAJO,0,0,1
EXTRAÑA,4,5,2
EXTRAÑE,0,1,0
EXTRAÑO,3,6,2
EXTREMO,4,20,5
FABRICA,0,1,0
FABRICO,1,0,1
FACETAS,0,0,1
FACHADA,0,4,0
FACILES,0,1,1
FALANGE,0,1,0
FALTABA,3,2,1
FALTADO,1,0,1
FALTARE,0,1,0
FALTASE,2,0,0
FAMILIA,29,12,4
FAMOSAS,0,0,1
FANGOSA,1,0,0
FAROLES,0,0,1
FATIGAS,1,1,3
FAVORES,0,3,3
FEALDAD,0,0,1
FECUNDA,1,0,0
FECUNDO,0,0,1
FEDERAL,0,1,0
FELICES,6,3,4
FEMENIL,1,7,0
FEROCES,1,3,0
FERREAS,1,1,0
FERREOS,0,1,0
FIARNOS,0,0,1
FIEREZA,1,1,0
FIESTAS,0,1,0
FIGURAR,0,2,0
FIGURAS,0,3,0
FIHRIST,0,0,1
FIJABAN,1,0,0
FIJANDO,1,1,0
FIJARIA,1,0,0
FIJARSE,2,3,0
FINGETE,0,0,1
FINGIRA,0,0,1
FIRMABA,0,1,0
FIRMEZA,2,2,0
FIRMICA,3,0,0
FISICAS,0,2,0
FISICOS,0,1,0
FLANCOS,2,0,0
FLAUTAS,0,0,2
FLECHAS,0,0,5
FLOREOS,0,1,0
FLORIDA,3,0,0
FLOTABA,5,0,0
FOGONES,0,1,0
FOGOSAS,0,1,0
FOGOSOS,0,1,0
FOLLAJE,3,0,0
FOLLETO,0,3,0
FONTANA,0,2,0
FORMABA,1,0,1
FORMADA,0,1,0
FORMADO,1,0,1
FORMOSE,0,1,0
FORMULA,0,1,1
FORNIDA,1,0,0
FORRADO,1,0,0
FORRAJE,0,0,2
FORTUNA,3,16,9
FORZOSA,0,1,0
FRACASO,0,0,1
FRAGATA,1,0,0
FRAILES,2,6,0
FRANCES,0,4,4
FRANCIA,0,19,2
FRANCOS,1,1,0
FRANJAS,1,1,0
FRASCOS,0,0,1
FRAUDES,0,0,1
FREGADO,1,0,0
FRESCAS,0,1,1
FRESCOR,0,0,2
FRESCOS,0,1,1
FRIENDO,0,0,1
FRIERAN,0,0,1
FRUNCIR,1,0,0
FUENTES,0,1,1
FUERTES,6,3,2
FUERZAS,9,5,7
FUESEIS,0,0,2
FUGARSE,1,0,0
FULLERO,0,1,0
FUMANDO,2,0,0
FUNCION,0,1,0
FUNEBRE,1,1,0
FUNESTA,0,0,1
FURIOSA,0,2,0
FURIOSO,5,1,0
FURORES,0,1,0
FURTIVA,0,1,0
FUSILAR,1,1,0
FUSILES,1,2,0
FUSTIGO,0,0,1
FUTUROS,0,1,0
GABELAS,0,1,0
GACELAS,0,0,1
GAFARRO,2,0,0
GALANES,1,0,0
GALANTE,0,3,0
GALIANO,0,1,0
GALLAND,0,0,8
GALLINA,1,0,0
GALLITO,1,0,0
GALOPAR,0,0,4
GANADOS,0,0,2
GANANDO,0,1,0
GANARIA,0,1,0
GANARON,0,1,0
GANARSE,3,0,1
GANARTE,0,0,1
GANGOSA,0,3,0
GANOSOS,0,1,0
GASTABA,2,0,0
GASTADO,0,0,1
GATILLO,2,0,0
GATITOS,1,0,0
GEMELAS,0,0,1
GEMIDOS,3,1,0
GEMIRIA,0,0,2
GENERAL,0,11,3
GENEROS,0,0,4
GENTILE,1,0,0
GENUINA,0,1,0
GIGANTE,3,4,2
GIRANDO,1,0,0
GLORIAM,0,1,0
GLORIAS,0,1,0
GOBERNE,0,0,1
GOBERNO,0,0,1
GOLPEAR,0,1,1
GONGORA,0,0,1
GORRION,1,0,0
GOTEABA,0,0,1
GOZABAN,1,1,0
GOZANDO,0,0,1
GOZARLA,0,0,1
GRABADA,0,0,1
GRABADO,0,0,1
GRACIAN,0,0,1
GRACIAS,8,9,29
GRAFICA,0,0,1
GRANADA,0,1,4
GRANADO,0,0,1
GRANDES,3,32,19
GRANUJA,1,0,0
GRIEGOS,0,0,4
GRIETAS,2,0,0
GRILLOS,1,0,0
GRITABA,5,0,1
GROSERA,0,1,0
GRUESAS,0,1,1
GRUESOS,2,2,0
GRUMETE,2,0,0
GRUÑIAN,1,0,0
GRUÑIDO,0,0,1
GUARDAN,0,3,0
GUARDAR,3,2,2
GUARDAS,0,0,1
GUARDEN,0,1,0
GUARDIA,9,42,0
GUERRAS,0,1,0
GUIABAN,1,0,0
GUIADOS,0,1,0
GUIARON,0,0,1
GUIARSE,0,1,0
GUIARTE,0,1,0
GUILLEM,0,0,1
GUISADO,0,0,1
GUIÑABA,1,0,1
GUSTABA,0,1,0
GUSTADO,0,0,1
GUSTOSO,0,1,1
HABERLA,0,2,1
HABERLE,0,0,3
HABERLO,0,1,0
HABERME,0,2,2
HABEROS,0,0,1
HABERSE,0,4,7
HABERTE,0,0,1
HABIALE,0,1,0
HABIASE,1,1,0
HABICHT,0,0,1
HABITAR,0,1,0
HABITOS,0,3,0
HABLABA,13,11,2
HABLADO,2,5,2
HABLAIS,0,0,1
HABLALE,0,1,0
HABLAME,0,1,2
HABLARA,0,2,1
HABLARE,0,1,2
HABLASE,1,0,0
HABLEIS,0,0,2
HABRIAN,3,0,1
HACEDOR,0,1,0
HACEMOS,1,1,0
HACERLA,2,2,3
HACERLE,2,5,0
HACERLO,1,1,3
HACERME,2,8,0
HACERSE,3,6,0
HACERTE,0,1,5
HACIALE,1,0,0
HACIAME,1,0,1
HACIASE,0,1,0
HAGAMOS,0,1,0
HALAGAR,0,5,0
HALAGOS,0,1,0
HALLABA,1,1,8
HARAPOS,0,0,1
HAREMOS,0,1,0
HARTURA,1,0,0
HAYAMOS,0,1,0
HAZAÑAS,2,4,1
HELADOS,0,1,0
HERALDO,1,0,0
HEREJES,0,2,0
HERIDAS,0,9,0
HERIDOS,1,0,0
HERIRIA,0,1,0
HERIRLA,0,0,1
HERMANA,0,1,46
HERMANO,7,44,35
HERMANT,0,0,1
HERMOSA,21,28,13
HERMOSO,2,13,12
HEROICA,0,0,1
HEROICO,0,4,1
HERVIAN,1,0,0
HESIODO,0,0,1
HICIERA,2,2,0
HICIESE,1,2,0
HICIMOS,0,2,2
HICISTE,0,0,1
HIERBAS,1,2,0
HIERROS,1,0,2
HIGUERA,2,0,0
HILILLO,1,0,0
HINOJOS,0,0,2
HIRSUTO,0,1,0
HOGARES,0,1,0
HOGUERA,0,2,2
HOJEABA,1,0,0
HOMBRES,41,34,27
HOMBRON,1,1,0
HOMBROS,7,4,9
HONORES,0,6,0
HONRABA,0,2,0
HONRADA,1,1,0
HONRADO,1,5,3
HONROSA,0,0,1
HONROSO,1,1,0
HORACIO,0,0,1
HOYUELO,0,1,0
HUBIERA,7,19,5
HUBIESE,7,1,4
HUBIMOS,0,0,3
HUELLAS,0,2,5
HUERTOS,2,0,1
HUESPED,1,0,1
HUIAMOS,0,0,1
HUMANAS,0,1,2
HUMANOS,0,1,6
HUMEDAD,2,0,0
HUMEDAS,0,0,2
HUMILDE,2,11,6
HUMILLO,1,0,0
HUNDIAN,1,0,1
HUNDIDO,1,0,1
HURACAN,2,0,0
HURAÑOS,0,1,0
HUSSEIN,0,0,1
HUTARED,0,0,1
HUYENDO,1,3,2
HUYERON,0,1,0
IDEALES,0,1,0
IDIOMAS,0,0,1
IDIOTEZ,0,1,0
IGLESIA,2,9,0
IGNACIO,0,5,0
IGUALES,3,3,3
ILUMINA,0,0,1
ILUMINO,0,0,1
ILUSION,1,2,0
ILUSTRE,0,4,3
IMBECIL,0,3,0
IMITABA,0,2,0
IMITAME,0,1,0
IMPEDIA,1,0,1
IMPEDIR,0,0,1
IMPERIO,0,5,1
IMPETUS,0,1,0
IMPLORA,0,0,1
IMPLORE,0,0,2
IMPLORO,0,0,2
IMPONER,1,0,1
IMPONIA,0,1,0
IMPORTA,3,5,0
IMPORTE,0,2,5
IMPUDOR,0,1,0
IMPULSA,0,1,0
IMPULSO,2,1,1
INCAPAZ,1,7,0
INCLINE,0,0,1
INCLINO,3,3,1
INCLITO,0,2,0
INCLUSA,1,0,0
INCLUSO,0,1,1
INCULTO,0,1,0
INCURRA,1,0,0
INDICAN,0,0,1
INDICAR,0,2,0
INDICAS,0,1,0
INDICIO,0,1,0
INDIGNA,0,2,1
INDIGNO,1,2,1
INDIQUE,0,2,1
INDULTE,0,0,1
INDULTO,10,0,2
INERCIA,0,1,0
INFAMES,0,2,1
INFANTE,0,2,0
INFECTA,2,0,0
INFELIZ,4,9,0
INFIMOS,0,1,0
INFLUIR,0,2,0
INFORME,0,1,0
INGENIO,0,2,1
INGENUA,1,1,1
INGENUO,0,1,2
INGLESA,1,2,0
INGRATA,0,1,0
INGRATO,0,2,0
INGRESO,0,1,0
INICIAL,1,0,0
INMENSA,2,7,1
INMENSO,1,8,1
INMOVIL,8,5,1
INSECTO,0,2,0
INSPIRA,0,3,1
INSTALO,0,0,1
INSULTO,1,0,0
INTACTO,0,0,1
INTENSA,0,2,0
INTENSO,1,1,0
INTENTA,0,1,0
INTENTE,1,0,0
INTENTO,2,3,4
INTERES,1,7,2
INTERNE,0,0,1
INTERNO,0,1,1
INTIMAS,0,1,0
INTIMOS,0,1,0
INTRUSO,0,1,2
INVADIA,0,2,0
INVADIR,0,1,0
INVASOR,0,1,0
INVENTE,0,1,0
INVENTO,1,1,0
INVITAR,0,0,1
INVOQUE,0,0,2
IRONICA,1,0,0
JESUITA,0,58,0
JINETES,0,2,5
JORNADA,0,3,1
JOVENES,1,7,37
JUGABAN,1,1,1
JUGAMOS,0,1,0
JUGANDO,0,0,1
JUGUETE,2,0,0
JUMENTO,0,0,1
JURABAN,1,0,1
JURARLO,0,1,0
JURASTE,0,0,2
JUVENIL,0,1,2
JUZGABA,1,0,0
JUZGADO,0,0,2
LABORES,0,1,0
LABRADA,0,1,0
LABRADO,0,1,0
LACAYOS,0,2,0
LADERAS,0,0,1
LAMENTO,0,0,3
LAMINAS,0,0,2
LAMPARA,2,3,1
LANCHAS,1,0,0
LANZABA,2,0,1
LANZADO,4,0,0
LANZARA,1,0,0
LANZOSE,0,1,0
LASCIVO,0,1,0
LASTIMA,0,3,6
LATENTE,0,0,1
LATIGOS,0,0,1
LATINAS,0,0,1
LATINES,1,0,0
LATINOS,0,0,1
LAVARME,0,0,1
LAVARON,0,0,1
LAVARSE,0,1,1
LAVEDAN,0,0,1
LAVISSE,0,0,2
LEANDRO,0,2,0
LECCION,1,3,7
LECONTE,0,0,1
LECTURA,0,2,2
LEERLAS,0,0,1
LEERLOS,0,0,1
LEGAJOS,0,2,0
LEGARTE,0,0,1
LEJANAS,1,1,0
LEJANIA,0,0,2
LEJANOS,2,2,1
LENGUAS,0,1,3
LEVANTE,0,1,13
LEVANTO,4,12,51
LEVITAS,0,1,0
LEYENDA,4,1,1
LEYENDO,0,3,0
LEÑADOR,0,0,2
LIBERAL,0,19,0
LIBERTO,0,0,1
LIBRABA,0,1,0
LIBRADO,1,0,3
LIBRALO,0,0,1
LIBRARA,0,1,1
LIBRARE,0,0,1
LIBRERO,0,1,0
LICORES,0,0,1
LIGERAS,0,1,0
LIGEROS,1,4,0
LIMITES,0,12,2
LIMONES,0,0,1
LIMOSNA,1,0,0
LIMPIAR,0,1,0
LIMPIDA,0,0,1
LIQUIDO,0,0,2
LISONJA,0,1,0
LISTADA,1,0,0
LITERAL,0,0,3
LIVIDAS,0,1,0
LLAMABA,6,10,3
LLAMADA,0,0,2
LLAMADO,2,3,10
LLAMARA,0,1,0
LLAMARE,0,0,1
LLANEZA,0,0,1
LLANTOS,0,0,1
LLANURA,0,0,2
LLEGABA,4,9,1
LLEGADA,2,5,5
LLEGADO,5,17,33
LLEGARA,0,2,2
LLEGASE,4,0,1
LLEGUEN,0,1,0
LLEGUES,0,0,4
LLENABA,0,1,1
LLENADO,0,0,2
LLEVABA,4,12,12
LLEVADO,3,5,0
LLEVAME,0,0,1
LLEVARA,0,0,2
LLEVASE,1,0,2
LLEVATE,0,0,1
LLORABA,6,0,3
LLORADO,0,0,1
LLORONA,1,0,0
LLUEVEN,0,1,0
LLUVIAS,1,1,0
LOCURAS,0,2,3
LOGRABA,1,2,0
LOGRADO,0,2,1
LOGRARA,0,1,0
LOGRARE,0,2,0
LONDRES,1,1,0
LOZANAS,0,0,1
LUBRICO,0,0,1
LUCHABA,0,2,0
LUCHARA,1,0,0
LUCHARE,0,1,0
LUCIRSE,0,1,1
LUGARES,0,3,1
LUGUBRE,3,1,0
LUJOSOS,0,0,1
LUJURIA,0,2,0
LUSTRAL,0,0,2
MAAROUF,0,0,1
MACIZAS,0,1,0
MACIZOS,2,0,0
MADERAS,0,0,2
MADUREZ,0,1,0
MAESTRA,0,1,1
MAESTRO,4,10,3
MAGICAS,0,0,5
MAGICOS,0,0,2
MAIMUNA,0,0,1
MAJOREM,0,1,0
MALDIGA,0,0,1
MALDIJO,1,0,0
MALDITA,3,1,2
MALDITO,5,4,4
MALETAS,1,0,0
MALICIA,2,0,2
MALIGNA,0,2,0
MALIGNO,0,0,2
MALVADA,0,0,1
MALVADO,0,2,0
MAMALIK,0,0,3
MAMELUK,0,0,1
MAMERTO,0,1,0
MAMPARA,1,2,0
MANAZAS,1,0,0
MANCEBA,0,1,0
MANCEBO,0,0,9
MANCHAS,1,1,1
MANDABA,0,1,1
MANDADO,0,0,6
MANDARA,0,0,2
MANDARE,0,0,2
MANDASE,1,0,0
MANDATO,0,1,0
MANEJAR,0,1,0
MANERAS,0,0,4
MANIQUI,3,0,0
MANOJOS,1,1,0
MANOLAS,0,1,0
MANOTEO,1,0,0
MANSION,0,3,1
MANTECA,0,0,6
MANTUVO,1,0,0
MANZANA,0,0,10
MAQUINA,2,1,0
MARASMO,0,1,0
MARCABA,1,2,0
MARCHAR,4,2,5
MARCHAS,0,1,0
MARCHES,0,0,1
MARCIAL,0,7,1
MARDRUS,0,0,25
MARHABA,0,0,1
MARIDOS,1,0,2
MARIETA,21,0,0
MARITAL,0,1,0
MARMITA,0,0,3
MARQUES,1,2,0
MASAUDA,0,0,1
MASCADO,2,0,0
MASCARA,2,1,0
MASCATA,0,0,1
MASSRUR,0,0,4
MATABAN,2,0,0
MATADOR,1,0,2
MATANDO,3,0,1
MATARAS,0,0,2
MATARIA,0,0,1
MATARLA,0,0,1
MATARLE,1,0,3
MATARLO,0,0,1
MATARME,0,0,7
MATARON,0,0,1
MATARTE,0,0,3
MATASEN,0,0,2
MATASTE,0,0,1
MATERIA,2,2,0
MATINAL,1,0,0
MAXIMAS,0,0,1
MAYORAL,0,0,15
MAYORDE,0,0,1
MAYORES,4,3,6
MAYORIA,0,0,1
MAÑANAS,2,1,0
MECIDAS,0,0,2
MEDICAS,0,0,1
MEDICOS,2,1,6
MEDIRSE,0,1,0
MEDITAR,0,0,1
MEJILLA,1,0,4
MEJORES,3,1,6
MELONES,1,0,0
MELOSOS,0,1,0
MEMORIA,5,15,4
MENCION,0,0,1
MENORES,1,1,1
MENSAJE,0,0,2
MENTIDO,0,1,1
MENTIRA,2,3,1
MENUDAS,1,0,0
MENUDOS,0,4,0
MERCADO,5,1,1
MERECER,0,0,1
MERECES,0,0,2
MERECIA,1,2,0
MEREZCA,0,0,1
MEREZCO,0,1,0
MERIMEE,1,0,0
MERITOS,1,4,0
MESILLA,0,1,0
METALES,0,0,1
METERLO,1,0,0
METERME,1,0,0
METERSE,5,0,0
METIDAS,0,1,0
METIDOS,1,0,0
METIERA,1,0,0
METIOSE,0,1,0
MEZCLAR,0,1,0
MIEMBRO,0,1,0
MIENTEN,0,1,0
MIENTES,0,1,0
MILAGRO,3,0,0
MILICIA,0,11,0
MILITAR,0,19,0
MINORIA,0,1,0
MINUTOS,5,5,1
MIRABAN,5,5,0
MIRADAS,7,1,6
MIRADLA,1,0,0
MIRANDO,4,13,3
MIRARLA,0,1,0
MIRARLE,2,0,1
MIRARLO,1,1,0
MIRARME,0,0,1
MIRARON,0,0,1
MIRARSE,2,2,0
MIRARTE,0,0,2
MIRBEAU,0,0,1
MIRRIKH,0,0,1
MISERIA,5,0,2
MISTICO,1,0,0
MITADES,0,0,3
MOCEDAD,0,1,0
MOCETON,7,0,0
MOCOSOS,1,0,0
MODALES,0,1,1
MODERNA,0,2,0
MODERNO,0,0,1
MODESTO,1,0,0
MOHAMED,0,0,5
MOLESTA,1,0,0
MOLESTE,1,0,0
MOLIÈRE,0,0,1
MOLLERA,0,2,0
MOMENTO,19,27,40
MONARCA,0,9,1
MONEDAS,0,1,4
MONTABA,0,0,1
MONTADO,2,0,2
MONTAÑA,5,0,21
MONTERA,2,0,0
MONTIJO,0,1,0
MORADAS,0,2,0
MORALES,0,1,3
MORENAS,0,1,1
MORENOS,0,0,1
MORFINA,2,0,0
MORILLO,0,3,0
MORIRAS,0,0,1
MORIRIA,0,0,2
MORISCO,0,0,1
MOSCADA,0,0,1
MOSTRAR,0,3,0
MOTINES,0,2,0
MOTIVOS,0,4,3
MOUROUF,0,0,1
MOVERLA,0,2,0
MOVERLO,0,1,0
MOVERME,0,0,1
MOVERSE,1,2,0
MOVIOSE,1,1,0
MUDANDO,1,0,0
MUDANZA,0,1,0
MUEBLES,4,1,3
MUERTAS,1,1,0
MUERTES,0,0,2
MUERTOS,1,0,3
MUESTRA,0,8,0
MUESTRE,0,1,0
MUJERES,15,10,15
MUJERIL,0,1,0
MULLIDA,0,1,0
MUNDANO,0,1,0
MURALLA,0,1,0
MURIESE,1,0,1
MURILLO,0,1,0
MURMURO,0,4,4
MUÑECAS,1,0,1
NACIDAS,0,1,1
NACIDOS,1,1,0
NACISTE,0,0,1
NADANDO,2,0,2
NARANJA,0,1,0
NARANJO,1,0,0
NARICES,0,1,0
NARRABA,0,0,1
NARRADO,0,1,0
NARRARE,0,0,1
NATURAL,1,3,4
NAUSEAS,0,1,0
NAVARRA,0,2,1
NAVEGAR,1,0,1
NAVIDAD,1,0,0
NAZARIO,0,1,0
NEFASTA,0,0,1
NEGANDO,0,0,1
NEGARLE,0,1,0
NEGARSE,0,0,1
NEGARTE,0,0,1
NEGASES,0,0,1
NEGOCIO,5,1,2
NEGRAZO,0,1,0
NEGRERO,2,0,0
NERVIOS,0,1,0
NERVUDO,1,0,0
NINGUNA,1,11,12
NINGUNO,2,4,3
NIÑADAS,1,0,0
NOBLEZA,0,5,0
NODRIZA,1,0,1
NOGHTEN,0,0,1
NOMBRAR,0,2,0
NOMBRES,3,1,4
NOSTRUM,0,0,2
NOTABAN,0,1,0
NOTABLE,0,0,2
NOTANDO,1,0,0
NOTARIA,0,1,0
NOTARLO,0,0,1
NOTARSE,0,0,1
NOTICIA,5,5,4
NOVEDAD,0,2,0
NOVELAS,1,2,10
NOVENTA,0,1,2
NUESTRA,2,51,46
NUESTRO,8,46,44
NUMEROS,0,1,0
NUPCIAL,1,0,0
NUSRANI,0,0,1
NUTRIDO,1,0,0
OBEDECE,0,1,2
OBISPOS,1,0,0
OBJETOS,0,1,3
OBLICUA,1,0,0
OBLIGAN,0,1,0
OBRADOR,2,0,0
OBRANDO,0,0,1
OBRARIA,0,1,0
OBSCURO,0,2,0
OBSERVE,0,0,1
OBSERVO,0,1,1
OBSTINA,0,1,0
OBTENER,0,0,1
OCASION,3,10,4
OCHENTA,1,0,1
OCULTAR,3,5,2
OCULTAS,0,0,1
OCULTOS,0,1,2
OCUPABA,2,10,0
OCUPADO,1,4,2
OCUPARA,0,0,1
OCUPASE,1,0,0
OCUPEIS,0,0,1
OCURREN,0,0,1
OCURRIA,0,3,0
OCURRIO,4,5,11
OCURRIR,0,1,2
ODIANDO,0,1,0
OFENSAS,1,0,1
OFICIAL,2,10,1
OFRECER,0,1,1
OFRECIA,0,2,2
OFRECIO,0,0,4
OFREZCO,0,0,2
OJEADAS,1,0,0
OJILLOS,2,1,0
OLIENDO,1,0,0
OLIENTE,0,1,0
OLOROSA,0,0,1
OLVIDAN,1,0,0
OLVIDAR,4,1,6
OLVIDEN,1,0,0
OLVIDES,0,1,4
OMBLIGO,0,0,1
ONDULAR,0,0,1
ONESIMO,0,0,2
OPERASE,1,0,0
OPINABA,0,1,0
OPINION,1,2,1
OPONGAN,0,1,0
OPRIMEN,1,0,0
OPRIMIA,0,0,1
OPUESTA,1,0,1
OPUESTO,2,0,1
ORACION,0,0,2
ORBITAS,0,1,0
ORDENAN,1,0,0
ORDENES,4,17,3
ORFEBRE,0,0,1
ORGULLO,1,1,2
ORIENTE,0,0,10
ORILLAS,1,0,4
ORLADAS,1,0,0
ORLANDO,1,0,0
ORONDOS,0,1,0
OSCILAR,2,0,0
OSCURAS,2,0,0
OSCUROS,1,0,0
OSTENTA,0,2,0
OSTENTE,0,1,0
OVACION,1,0,0
PADECER,0,0,2
PADECIA,0,0,1
PADRINO,0,1,0
PAGINAS,0,1,4
PAISANO,0,1,0
PAJAROS,2,1,3
PALABRA,5,10,17
PALACIO,1,52,81
PALADEA,0,1,0
PALADIN,1,1,0
PALAICO,0,1,0
PALANCA,1,1,0
PALIDAS,1,0,0
PALIDEZ,1,1,2
PALIZAS,1,0,0
PALMADA,1,0,0
PALMERA,2,0,1
PALMIRA,0,0,1
PANDERO,0,0,2
PANZUDO,3,0,0
PAPELEO,1,0,0
PAPELES,3,7,0
PAQUETE,0,1,0
PARADAS,0,1,0
PARADOS,0,1,0
PARAISO,4,0,2
PARAMOS,1,0,0
PARANDO,0,1,1
PARARON,1,0,0
PARCELA,1,0,0
PARECEN,2,1,0
PARECER,0,1,1
PARECES,1,0,0
PARECIA,33,29,10
PARECIO,6,22,2
PAREDES,5,8,2
PAREDON,1,0,0
PAREJAS,3,0,0
PAREZCA,0,4,0
PAREZCO,1,0,0
PARRAFO,0,1,0
PARROCO,1,0,0
PARTERA,0,1,0
PARTIAN,0,2,0
PARTIDA,0,5,1
PARTIDO,1,5,1
PARTIRA,0,0,1
PASABAN,8,1,0
PASADAS,1,2,1
PASADOS,2,5,4
PASAMOS,0,0,3
PASANDO,2,3,3
PASARIA,1,0,0
PASARON,3,4,9
PASEABA,2,3,0
PASEMOS,0,4,0
PASILLO,1,0,1
PASMOSA,0,1,0
PASTOSA,0,1,0
PATADAS,1,2,0
PATALEO,2,0,0
PATATAS,2,0,0
PATENTE,0,1,0
PAÑUELO,5,2,0
PECADOR,0,3,0
PECADOS,0,5,1
PECHERA,2,0,0
PEDAZOS,3,3,0
PEDIMOS,0,1,0
PEDIRLE,0,1,1
PEGABAN,2,0,0
PEGADAS,0,0,1
PEGADOS,1,0,0
PEGANDO,1,0,0
PEGARLE,0,0,2
PEGARME,0,0,1
PEGARSE,1,0,0
PEINADO,0,2,0
PELADAS,0,0,1
PELIGRA,0,1,0
PELIGRO,6,14,2
PELLEJO,1,0,1
PELOTON,0,1,0
PELUCAS,0,0,1
PEMITIA,0,2,0
PENDIAN,1,0,1
PENETRO,0,4,1
PENOSAS,2,0,0
PENOSOS,0,0,1
PENSABA,16,6,2
PENSADO,3,2,0
PENSION,1,2,0
PEQUEÑA,5,5,7
PEQUEÑO,7,5,1
PERCHAS,0,1,0
PERDIAN,0,2,0
PERDIDA,2,6,8
PERDIDO,4,6,15
PERDONA,0,0,2
PERDONE,0,4,0
PERDONO,1,2,2
PERECER,0,1,4
PERECIO,0,0,1
PERFIDA,0,0,4
PERFIDO,0,0,1
PERFUME,8,4,4
PERFUMO,0,0,1
PERIODO,0,3,0
PERMISO,0,3,8
PERMITA,0,4,1
PERMITE,1,1,4
PERMITI,0,0,1
PERMITO,0,1,3
PERSICO,0,0,2
PERSONA,6,40,11
PESABAN,1,0,0
PESADAS,1,0,0
PESADEZ,0,1,0
PESADOS,1,3,0
PESARES,0,2,2
PESARIA,0,0,1
PESARON,0,0,1
PESCADO,4,0,0
PESCASE,0,0,1
PESEBRE,0,0,2
PESETAS,3,1,13
PETALOS,2,0,0
PEÑASCO,1,0,0
PIADOSO,0,1,1
PIDANSE,0,0,1
PIDIERA,2,0,0
PIEDRAS,1,0,9
PIENSAN,0,2,0
PIENSAS,2,1,1
PIERDAN,0,0,1
PIERNAS,13,7,6
PILLETE,0,1,0
PINCHES,0,1,0
PINGÜES,0,1,1
PINTADO,0,1,0
PINTOSE,0,1,0
PINTURA,1,1,0
PIQUETA,0,0,3
PISABAN,0,1,0
PISADAS,0,2,0
PISANDO,1,0,0
PISOTON,0,1,0
PISTOLA,2,0,0
PITILLO,1,0,0
PLANETA,0,0,3
PLANTAS,2,0,4
PLATICA,0,3,0
PLIEGOS,0,3,0
POBLADA,1,1,0
POBLADO,0,1,0
POBREZA,2,1,1
PODAMOS,0,2,1
PODEMOS,1,2,1
PODERIO,0,1,3
PODERLA,0,0,1
PODERME,0,0,1
PODREIS,0,0,1
PODRIAN,1,1,0
PODRIAS,0,0,1
PODRIDA,1,0,0
PODRIDO,0,0,1
POETICO,0,1,0
POLICIA,1,5,0
POLILLA,0,2,0
POLLINO,0,0,1
POLVORA,1,2,0
POMADAS,0,0,3
PONDRAS,0,0,1
PONDRIA,1,1,1
PONERLE,1,0,0
PONERME,0,0,2
PONERSE,0,5,1
PONGASE,0,1,0
POPULAR,0,3,2
POQUITA,1,0,0
POQUITO,2,0,0
PORFIDO,0,0,2
PORTADO,1,0,1
PORTELA,1,0,0
PORTERA,0,0,2
PORTERO,0,11,0
PORTICO,0,0,3
PORTIER,0,2,0
POSEIAN,0,0,1
POSEIDA,0,1,0
POSEIDO,0,4,2
POSIBLE,3,6,6
POSTERO,0,1,0
POSTIGO,0,2,0
POTENTE,0,1,0
PRADERA,0,0,4
PRECIAN,0,1,0
PRECISO,1,7,3
PREGONA,0,0,1
PREMIAR,0,1,0
PRENDAS,0,4,2
PRENDIO,0,0,1
PREPARA,0,1,0
PREPARE,0,0,1
PREPARO,0,1,2
PRESEAS,0,0,1
PRESION,1,0,0
PRESTAR,0,1,1
PRIMERA,12,25,26
PRIMERO,6,13,7
PRISION,0,1,0
PRIVABA,0,0,1
PROBABA,1,0,0
PROCEDE,0,2,0
PROCESO,1,0,0
PROCURA,0,1,1
PROCURE,0,4,0
PROCURO,0,1,0
PRODIGO,1,1,0
PRODUCE,0,3,3
PRODUJO,1,4,2
PROEZAS,0,2,0
PROFESA,0,3,0
PROFESO,0,1,0
PROFETA,0,0,10
PROHIBO,0,1,1
PROJECT,0,1,0
PROJIMO,0,1,0
PROLOGO,0,1,4
PROMESA,1,0,6
PROMETO,0,0,4
PROPIAS,1,2,3
PROPIOS,0,8,6
PROPONE,0,2,0
PROPUSO,0,1,0
PROTEGE,1,2,0
PROTEJA,0,1,0
PROXIMA,3,7,7
PROXIMO,3,6,1
PRUEBAS,0,11,0
PUBLICA,1,1,0
PUBLICO,8,0,14
PUCHERO,1,0,0
PUDIERA,3,8,4
PUDIESE,0,0,5
PUDISTE,0,0,1
PUEBLOS,4,3,11
PUENTES,0,0,1
PUERTAS,5,8,15
PUESTAS,0,1,0
PUESTOS,0,3,1
PUNTUAL,0,1,0
PUPILAS,1,2,2
PUSIERA,1,1,1
PUSIMOS,0,0,2
PUÑALES,0,1,0
QUEDABA,13,8,3
QUEDADO,2,2,3
QUEDARA,1,3,1
QUEDARE,0,0,1
QUEDASE,0,0,1
QUEDOSE,0,8,0
QUEJABA,3,0,0
QUEJADO,1,1,0
QUEJARE,0,0,1
QUEJIDO,1,0,0
QUELLOS,0,1,0
QUEMABA,1,0,0
QUEMADA,1,0,0
QUEMADO,0,1,1
QUEREIS,0,0,2
QUERIAN,12,1,1
QUERIAS,0,0,1
QUERIDA,0,9,0
QUERIDO,4,8,13
QUERRAS,0,1,0
QUEVEDO,0,0,1
QUIEBRE,0,0,1
QUIENES,0,10,8
QUIERAN,1,0,0
QUIERAS,2,2,5
QUIEREN,3,5,2
QUIERES,2,3,8
QUIETAS,0,1,1
QUIJOTE,0,0,1
QUIMERA,1,0,0
QUINQUE,0,5,0
QUITABA,1,1,0
QUITADO,1,1,0
RABILLO,0,1,0
RABIOSA,1,0,0
RABIOSO,1,0,0
RABOSAS,3,0,0
RADICAL,0,1,0
RAMADAN,0,0,1
RAMAJES,1,0,0
RAMBAUD,0,0,1
RAPIDAS,0,1,0
RAPIDEZ,1,8,1
RAPIDOS,1,3,0
RAPIÑAS,0,1,0
RAREZAS,0,0,1
RASCABA,0,1,0
RASCOSE,0,1,0
RASGABA,2,0,0
RASGASE,1,0,0
RASGUEN,0,0,1
RASTROS,0,1,0
RATONES,0,0,1
RAYADAS,1,0,0
RAZONES,3,1,1
REALCEN,0,1,0
REALEZA,0,0,1
REALIZA,0,1,0
REBELDE,1,2,2
RECALCO,0,1,0
RECELOS,0,1,0
RECHAZO,0,0,2
RECIBIA,4,1,0
RECIBIO,3,4,0
RECIBIR,0,9,1
RECITAR,0,0,2
RECITAS,0,0,1
RECOBRA,0,0,2
RECOBRE,0,0,2
RECOBRO,2,2,2
RECOGEN,0,1,0
RECOGER,0,1,1
RECOGIA,1,1,0
RECOGIO,2,2,2
RECORDE,1,0,1
RECORDO,0,2,2
RECORRI,0,0,2
RECURSO,1,0,2
REDONDA,2,0,0
REDONDO,3,0,2
REDUCIA,1,0,0
REFERIR,0,1,0
REFIERE,0,1,1
REFIRIO,0,0,5
REFLEJA,1,0,0
REFLEJO,2,2,1
REFLUJO,0,1,0
REFORMA,0,1,0
REFUGIO,1,0,0
REGABAN,0,0,1
REGALAR,0,0,1
REGALOS,0,0,2
REGANDO,1,0,0
REGAÑAN,0,1,0
REGAÑES,0,0,1
REGIMEN,0,2,0
REGNIER,0,0,1
REGRESA,0,0,2
REGRESE,0,0,6
REGRESO,2,0,12
REGULAR,0,3,0
REHUYEN,1,0,0
REINABA,3,3,0
REINADO,0,2,1
REIRIAN,1,0,0
REIRNOS,0,0,1
REITERO,0,0,2
RELATAR,1,1,0
RELATOS,0,0,9
RELEASE,0,1,0
RELIEVE,1,0,0
RELLENO,0,0,1
RELUCIR,0,0,1
REMANGO,0,0,3
REMEDAR,0,1,0
REMEDIA,0,1,0
REMEDIO,6,3,15
REMOJON,1,0,0
REMONTO,1,0,0
REMOTAS,0,0,1
REMOTOS,0,0,2
REMOVER,0,1,0
REMOVIA,1,0,0
RENACER,0,3,0
RENACIA,0,1,0
RENDIDA,0,0,1
RENDIDO,1,3,6
RENGLON,0,2,1
RENIEGA,0,0,1
REPARAR,0,3,0
REPARAS,0,1,0
REPARTA,0,1,0
REPARTI,0,0,1
REPASAR,1,1,0
REPENTE,2,3,1
REPETIA,0,1,0
REPETIR,1,2,1
REPITIO,0,0,4
REPLETA,2,0,2
REPLETO,2,1,0
REPLICO,0,0,13
REPONER,0,1,0
REPOSAR,1,0,0
RESBALE,0,0,1
RESCATE,0,0,2
RESERVA,1,0,1
RESERVE,0,0,1
RESERVO,0,0,1
RESIDIA,1,0,0
RESIDIO,0,1,0
RESIDUO,0,1,0
RESISTA,0,1,0
RESORTE,1,0,0
RESPETA,0,1,0
RESPETO,4,10,1
RESPIRO,1,0,0
RESULTA,1,1,0
RESULTE,0,2,0
RESUMEN,0,4,1
RETABLO,1,0,0
RETANDO,0,1,0
RETORCI,0,0,1
RETRASO,0,1,0
RETRATO,0,6,0
RETUMBO,0,0,1
REUNIAN,0,1,0
REUNIDA,1,0,0
REUNION,3,2,0
REVELAN,0,0,1
REVELAR,0,2,3
REVENTO,0,0,1
REVISAR,0,0,1
REVISTE,0,1,1
REVIVIR,0,3,0
REVOLCO,0,0,1
REZANDO,1,1,0
RIBAZOS,4,0,0
RICARDO,0,1,0
RIESGOS,1,1,0
RIGIDEZ,1,0,0
RIGORES,0,1,0
RIMADAS,0,0,1
RIQUEZA,2,0,3
RISUEÑA,0,0,1
RISUEÑO,2,0,0
RITMICO,1,0,0
RIZADAS,1,0,0
RIÑONES,2,0,0
ROBADOS,0,1,0
ROBANDO,0,1,0
ROBARLE,1,1,0
ROBARME,0,1,0
ROBARON,1,0,0
ROBASEN,1,0,0
ROBUSTA,1,1,0
ROBUSTO,0,2,3
ROCIALA,0,0,1
ROCINES,2,0,0
RODABAN,1,0,0
RODAMOS,1,0,0
RODANDO,1,0,0
RODARON,1,0,0
RODEABA,1,1,1
RODEADA,1,0,0
RODEADO,2,3,2
RODILLA,2,1,0
ROGARON,0,0,1
ROGARTE,0,0,1
ROJIZAS,1,0,0
ROMANOS,1,1,2
ROMERIA,0,0,1
RONDABA,1,0,0
ROPEROS,0,0,2
ROSADAS,0,1,0
ROSALES,1,0,0
ROSARIO,2,5,0
ROSTROS,1,5,0
ROVELES,2,0,0
ROYENDO,1,0,0
ROZABAN,0,1,0
ROZADOS,1,0,0
ROZANDO,1,1,0
RUBORES,0,1,0
RUDEZAS,0,0,1
RUGIDOS,0,3,0
RUIDOSA,1,0,0
RUIDOSO,2,1,0
RUMBOSO,0,1,0
RUMORES,2,0,0
RUPTURA,0,0,3
RUSTICA,0,2,1
RUSTICO,1,0,0
SABADOS,2,0,0
SABANAS,1,0,0
SABEMOS,0,1,2
SABERLA,0,0,1
SABERLO,2,0,1
SABERSE,1,0,0
SACABAN,3,0,0
SACADAS,0,0,1
SACADOS,0,1,1
SACANDO,4,1,2
SACARAN,1,0,0
SACARLA,0,0,3
SACARLE,0,1,0
SACARON,0,2,1
SACARSE,0,2,0
SACARTE,0,0,2
SACIADO,0,1,0
SACUDIO,0,0,2
SACUDIR,0,1,1
SAGRADA,0,3,1
SAGRADO,0,4,2
SAINETE,0,2,0
SALARIO,0,0,1
SALDRAS,2,0,2
SALDRIA,0,1,0
SALIDAD,0,1,0
SALIDOS,0,2,0
SALIERA,2,2,1
SALIESE,1,0,0
SALIMOS,0,0,5
SALIRLE,1,0,0
SALOMON,0,0,1
SALONES,3,7,1
SALTABA,5,2,0
SALUDAR,0,2,3
SALUDOS,0,2,3
SALVABA,1,0,0
SALVADO,2,2,6
SALVAJE,1,3,0
SALVARA,0,0,1
SANDALO,0,0,2
SANGRAR,0,0,1
SAQUITO,1,0,2
SARDINA,1,0,0
SARNOSO,0,1,0
SASTRES,0,0,3
SATANAS,0,1,1
SATURNO,0,0,1
SECARSE,2,0,0
SECCION,0,2,0
SECRETA,0,1,2
SECRETO,1,7,10
SEDOSAS,1,0,0
SEDOSOS,0,0,1
SEGANDO,1,0,0
SEGUIAN,4,2,1
SEGUIDA,4,0,71
SEGUIDO,2,2,1
SEGUNDA,2,2,21
SEGUNDO,1,0,11
SEGUROS,0,0,1
SELECTA,0,0,1
SEMANAS,3,0,0
SEMILLA,0,0,1
SEMITAS,0,0,1
SENTABA,2,0,0
SENTADA,0,2,3
SENTADO,4,2,11
SENTAOS,0,0,1
SENTARA,0,1,1
SENTARE,0,0,1
SENTASE,0,0,1
SENTIAN,1,1,0
SENTIDO,2,4,5
SENTIRA,1,0,0
SENTOSE,0,3,0
SEPARAN,0,1,0
SEPARAR,0,1,0
SEPTIMA,0,0,1
SEPULTE,0,0,1
SEQUITO,0,0,1
SERAFIN,1,0,0
SEREMOS,0,1,0
SERENOS,1,1,0
SERVIAN,1,1,1
SERVIDO,0,2,2
SERVIRA,0,0,1
SERVIRE,0,0,1
SESAMOS,0,0,1
SESENTA,2,1,2
SETENTA,2,1,2
SEVILLA,0,4,0
SEÑALAR,0,0,2
SEÑALES,0,4,1
SEÑORAS,5,2,9
SEÑORES,6,2,2
SEÑORON,1,0,0
SIEMPRE,38,53,22
SIENTAS,0,0,2
SIENTEN,0,1,0
SIENTES,0,1,0
SILABAS,0,1,0
SILBIDO,2,0,0
SIMPLES,1,3,2
SINDBAD,0,0,2
SISTEMA,0,2,0
SITUADA,0,0,4
SITUADO,0,1,1
SOBRINA,0,1,0
SOBRINO,1,1,2
SOCORRO,0,1,0
SOFOCAR,1,0,0
SOLARES,1,0,0
SOLDADO,1,6,0
SOLEDAD,3,1,7
SOLEMNE,2,1,0
SOLIDAS,0,0,1
SOLIDOS,0,0,1
SOLTABA,1,0,0
SOLTERA,1,0,1
SOLTERO,4,0,1
SOMBART,0,0,2
SOMBRAS,1,4,0
SOMBRIA,1,2,0
SOMBRIO,1,1,0
SONABAN,5,1,0
SONANDO,2,0,0
SONARON,2,6,0
SONDEAR,1,1,0
SONETOS,0,1,0
SONIDOS,1,2,1
SONNICA,0,0,2
SONORAS,0,1,0
SONREIA,5,4,1
SONREIR,1,4,1
SONRIEN,0,1,0
SONRISA,15,14,8
SOPETON,0,1,0
SOPLABA,3,0,1
SOPLADO,1,0,0
SOPLARA,0,0,1
SORBETE,0,0,1
SORDINA,0,1,2
SOSIEGO,0,0,1
SOSLAYO,0,1,0
SOSTUVE,0,0,1
SOTANAS,1,4,0
SOÑADAS,0,0,2
SOÑANDO,0,1,1
SPANISH,0,1,0
SPENCER,0,0,1
STEFANE,0,0,1
SUBASTA,1,0,0
SUBCOPA,0,0,1
SUBLIME,0,3,2
SUCEDIA,1,0,0
SUCEDIO,0,0,1
SUCESOS,0,10,1
SUDARIO,0,0,3
SUELTAS,1,1,1
SUELTOS,0,0,1
SUERTES,1,0,0
SUFRIDA,1,0,1
SUFRIDO,2,0,3
SUJETAR,1,0,0
SUJETOS,0,2,0
SULEIKA,0,0,1
SULTANA,0,0,1
SULTANI,0,0,1
SUNNITA,0,0,1
SUPERAR,0,0,1
SUPIERA,0,3,2
SUPIESE,0,0,2
SUPLICA,0,0,2
SUPLICO,0,0,3
SUPONES,0,0,1
SUPONGO,0,1,0
SUPONIA,0,0,1
SUPREMA,0,1,0
SUPREMO,0,1,0
SURCADA,0,1,0
SURCADO,0,2,0
SURGIAN,1,1,0
SURGIDO,0,1,0
SUSPIRO,1,1,0
SUSURRO,0,2,0
SUTILES,0,0,2
TABERNA,8,2,0
TABLADO,1,0,0
TACTICA,0,3,0
TAIMADA,0,0,1
TALADOS,1,0,0
TALEGOS,1,0,0
TALENTO,0,7,3
TALLABA,0,1,0
TALLADA,0,1,0
TALONES,0,1,0
TAMAÑOS,0,2,0
TAMBIEN,13,16,50
TAMPOCO,0,10,5
TAPARON,1,0,0
TAPARSE,1,0,0
TAPICES,0,0,7
TARDABA,0,0,1
TARDADO,0,0,1
TARDARA,1,2,0
TARTANA,8,0,2
TAÑERLO,0,0,1
TEATRAL,0,1,0
TEATROS,1,0,0
TEJADOS,1,2,0
TEJIDAS,0,0,1
TEJIDOS,0,0,1
TEMBLAR,1,0,1
TEMERLO,0,0,1
TEMIBLE,2,1,0
TEMIERA,4,0,0
TEMORES,0,0,3
TENACES,0,1,0
TENAZAS,0,1,0
TENDIDA,1,1,3
TENDIDO,4,1,5
TENDRAN,0,0,2
TENDRAS,2,0,2
TENDRIA,3,9,1
TENEMOS,3,7,4
TENERLE,0,1,1
TENERME,0,1,0
TENGAIS,0,0,2
TENTADO,0,2,0
TENTASE,1,0,0
TERCERA,2,2,15
TERCERO,0,0,3
TERMINA,0,1,4
TERMINE,0,2,0
TERMINO,4,3,3
TERNERO,0,0,12
TERRAZA,0,0,1
TERRENA,0,0,1
TERRENO,1,2,0
TERRUÑO,1,1,0
TERSURA,1,0,0
TESOROS,0,0,3
TESTERO,0,0,1
TESTIGO,1,1,2
TETRICA,1,2,0
TETRICO,0,1,0
TIBURON,1,0,0
TIEMBLE,0,1,0
TIEMBLO,0,1,0
TIEMPOS,14,22,3
TIENDAS,0,0,5
TIENTAS,1,1,0
TIERNAS,0,1,0
TIERRAS,1,1,1
TIMIDAS,1,0,1
TIMIDEZ,2,0,1
TIMIDOS,0,1,0
TIMONEL,1,0,0
TINAYRE,0,0,1
TINTERO,0,0,4
TIRABAN,1,0,0
TIRADOR,1,0,0
TIRANDO,1,1,1
TIRANIA,0,3,1
TIRANOS,0,1,0
TIRANTE,1,0,0
TIRARLE,0,1,0
TIRARLO,0,1,0
TIRARON,2,0,0
TIRASEN,2,0,0
TIROTEO,0,1,0
TIZONES,0,0,1
TIÑENDO,1,0,0
TIÑERON,1,0,0
TOALLAS,0,0,1
TOBILLO,1,0,0
TOCABAN,1,1,1
TOCADOR,1,2,0
TOCANDO,0,2,0
TOCANTE,0,2,0
TOCARLE,2,0,0
TOCASEN,1,0,0
TODAVIA,3,11,17
TOLERAR,0,1,1
TOLSTOI,0,0,1
TOMABAN,1,0,0
TOMAMOS,0,0,1
TOMANDO,2,5,3
TOMARLO,1,0,0
TOMARME,0,0,1
TOMARON,1,0,0
TOMARSE,0,2,0
TOMEMOS,0,0,1
TONILLO,0,3,0
TOPANDO,0,1,0
TORCIDA,1,0,0
TORCIDO,0,0,1
TORNARE,0,0,1
TORNOSE,0,2,0
TORPEZA,2,0,0
TORRERO,0,1,0
TORTURA,0,0,2
TOSTABA,1,0,0
TOZUDOS,1,0,0
TRABAJA,1,1,1
TRABAJO,17,6,7
TRABUCO,1,3,0
TRADUCE,0,0,2
TRAEDLE,0,0,1
TRAERLA,0,1,0
TRAERLO,0,0,1
TRAERTE,0,0,1
TRAFICO,0,1,0
TRAGABA,1,0,0
TRAGADO,2,1,0
TRAGARA,0,1,0
TRAGICO,0,1,0
TRAIDAS,1,0,0
TRAIDOR,0,3,1
TRAIGAN,1,1,2
TRAJERA,0,1,0
TRAJESE,0,0,2
TRAMPAS,0,1,0
TRANCES,1,0,0
TRANVIA,1,0,0
TRASERA,0,0,1
TRASERO,0,0,2
TRASTOS,1,0,0
TRATABA,4,0,0
TRATADO,1,1,0
TRATAME,1,0,0
TRATARA,1,1,0
TRATASE,0,1,0
TRAZABA,1,0,0
TRECHOS,0,1,0
TREINTA,8,2,1
TREMULA,2,1,0
TREMULO,0,0,1
TRIBUNA,0,1,0
TRIENIO,0,1,0
TRISTES,2,2,3
TRIUNFE,0,1,0
TRIUNFO,2,7,1
TROCOSE,1,1,0
TROPEZO,2,1,0
TROTADO,1,0,0
TRUENOS,0,1,0
TUERTOS,0,0,9
TUFILLO,0,1,0
TUMBATE,0,0,1
TUPIDAS,1,0,0
TURBADO,0,1,1
TUVIERA,2,2,0
TUVIESE,0,0,2
TUVIMOS,1,1,0
TUVISTE,0,0,5
ULTIMAS,5,7,0
ULTIMOS,5,2,1
UNIERON,0,1,0
UNIRNOS,1,0,0
UNTARME,0,0,1
UNTARTE,0,0,1
URGENTE,1,0,1
USTEDES,5,7,0
VACANTE,0,1,0
VACILAR,0,1,0
VAGANDO,1,0,1
VAGONES,2,0,0
VALERIO,0,0,1
VALERME,0,0,1
VALIOSA,0,1,0
VALIOSO,0,1,0
VAMPIRO,0,0,7
VANIDAD,0,1,1
VAPORES,2,0,0
VARALES,1,0,0
VARAZOS,0,0,2
VARONES,0,0,1
VARONIL,0,4,0
VAYAMOS,0,2,0
VECINAS,8,3,0
VECINOS,17,6,2
VEIAMOS,2,0,0
VEIANSE,1,2,1
VEJETES,1,0,0
VELADAS,1,0,0
VELADOR,0,1,0
VELARAN,0,0,1
VELASCO,0,0,1
VELILLO,3,0,2
VELLOSO,1,0,0
VELOCES,0,1,0
VENCIDA,3,1,1
VENCIDO,1,2,1
VENDERE,0,0,2
VENDIDO,0,1,0
VENDRAS,0,0,1
VENENOS,0,1,0
VENGADO,1,0,0
VENGARE,0,0,1
VENGUES,0,0,1
VENIDAS,1,1,0
VENIDOS,0,0,1
VENIMOS,0,1,0
VENTAJA,1,1,0
VENTANA,0,7,1
VENTURA,0,1,1
VERANEO,1,0,0
VERDOSO,1,0,0
VERDUGO,4,1,3
VEREMOS,0,3,2
VERSADA,0,0,2
VERSADO,0,1,1
VERSION,0,0,3
VERTICE,1,0,0
VERTIGO,0,1,1
VESTIAN,0,1,0
VESTIDA,4,0,4
VESTIDO,2,5,5
VETEADA,1,0,0
VETUSTO,0,1,0
VIAJABA,2,0,0
VIAJADO,0,0,1
VIAJERO,3,0,1
VIBORAS,0,1,0
VICARIO,0,3,1
VICENTE,0,3,2
VICTIMA,4,9,3
VIDRIOS,0,3,1
VIENTOS,1,1,1
VIENTRE,7,0,2
VIERAIS,0,0,1
VINIERA,2,1,1
VINISTE,0,0,3
VIOLETA,1,0,0
VIRILES,0,0,1
VISAJES,0,1,0
VISCOSA,1,0,0
VISIBLE,1,3,0
VISIRES,0,0,9
VISITAR,1,3,5
VISITAS,1,11,1
VISTETE,0,0,1
VISTOSO,0,1,0
VITALES,0,0,1
VITORIA,0,2,0
VIVERES,0,0,1
VIVEROS,3,0,0
VIVIDAS,0,0,2
VIVIERA,1,0,0
VIVIMOS,0,1,6
VIVIRIA,1,0,0
VIÑETAS,0,0,1
VOLANDO,1,0,4
VOLARAN,0,0,1
VOLUBLE,0,1,0
VOLUMEN,0,0,12
VOLVERA,0,3,2
VOLVERE,0,3,3
VOLVIAN,1,0,0
VOMITAR,0,0,1
VORACES,1,0,0
VUELTAS,0,0,4
VUELVAN,0,1,0
VUELVAS,0,0,4
VUELVEN,1,0,1
VUELVES,0,0,5
VUESTRA,1,36,15
VUESTRO,0,4,6
ZAFIROS,0,0,1
ZAMARRA,1,0,0
ZAPATOS,6,4,0
ZOBEIDA,0,0,16
ZOZOBRA,1,4,0
ZUMBABA,1,0,0
